<?xml version="1.0" encoding="UTF-8"?>
<!DOCTYPE hibernate-configuration PUBLIC
		"-//Hibernate/Hibernate Configuration DTD 3.0//EN"
		"http://www.hibernate.org/dtd/hibernate-configuration-3.0.dtd">
<hibernate-configuration>
    <session-factory>
             <property name="format_sql">false</property>
        <property name="hibernate.connection.driver_class">com.mysql.jdbc.Driver</property>
        <property name="hibernate.connection.password">root786</property>
        <property name="hibernate.connection.url">jdbc:mysql://localhost/db7</property>
        <property name="hibernate.connection.username">root</property>
  
        <!-- JDBC connection pool (use the built-in) -->
        <property name="connection.pool_size">100</property>

        <!-- SQL dialect -->
        <property name="dialect">org.hibernate.dialect.MySQL8Dialect</property>

        <!-- Disable the second-level cache  -->
        <property name="cache.provider_class">org.hibernate.cache.internal.NoCacheProvider</property>

        <!-- Echo all executed SQL to stdout -->
        <property name="show_sql">true</property>

        <!-- Drop and re-create the database schema on startup -->
        <property name="hbm2ddl.auto">update</property>
		<!--  <property name="hbm2ddl.auto">update</property> -->

     

<mapping class="Beans.Eproduct"></mapping>

    </session-factory>
</hibernate-configuration>

        
   
